"id","name","birthday","email"
1,"Doğuş Çetinoğlu","1998-07-30","dogus5455@gmail.com"
2,"Doğuş Çetinoğlu","1998-07-30","dogus5455@gmail.com"
3,"Doğuş Çetinoğlu","1998-07-30","dogus5455@gmail.com"
4,"Doğuş Çetinoğlu","1998-07-30","dogus5455@gmail.com"
5,"Doğuş Çetinoğlu","1998-07-30","dogus5455@gmail.com"
11,"Hewe Mitten","2022-03-05","hmittena@blinklist.com"
12,"Christel Matys","2020-08-07","cmatysb@cornell.edu"
13,"Amabel Mintoft","2022-09-01","amintoftc@cmu.edu"
14,"Steward Ebbles","2017-11-12","sebblesd@mayoclinic.com"
15,"Ethelyn Mattersey","2017-11-06","ematterseye@unc.edu"
16,"Sylvan Arthan","2024-03-30","sarthanf@scientificamerican.com"
17,"Chico McCaghan","2018-03-12","cmccaghang@netlog.com"
18,"Elvira Longley","2021-11-06","elongleyh@ehow.com"
19,"Jakob Swindell","2017-03-23","jswindelli@goo.gl"
20,"Cati Wagerfield","2018-03-20","cwagerfieldj@latimes.com"
21,"Neile Mereweather","2021-12-03","nmereweatherk@china.com.cn"
22,"Aldus Guerri","2021-07-25","aguerril@google.pl"
23,"Mile Standering","2019-03-10","mstanderingm@list-manage.com"
24,"Lynnea Ismirnioglou","2019-12-15","lismirniogloun@ifeng.com"
25,"Ive Skotcher","2020-05-07","iskotchero@google.co.jp"
26,"Cassandre Storrock","2019-01-08","cstorrockp@vk.com"
27,"Kendricks Heiss","2024-03-08","kheissq@mapquest.com"
28,"Briana Matessian","2024-01-11","bmatessianr@comcast.net"
29,"Bendick Lasseter","2018-09-25","blasseters@prlog.org"
30,"Hurley Frisdick","2023-03-16","hfrisdickt@meetup.com"
31,"Auberta Gledhall","2017-08-27","agledhallu@chron.com"
32,"Hannah Dockwray","2021-02-14","hdockwrayv@ucsd.edu"
33,"Weber Roderighi","2017-08-16","wroderighiw@mail.ru"
34,"Luise Ranstead","2019-06-23","lransteadx@rambler.ru"
35,"Michelina Passe","2019-11-15","mpassey@bizjournals.com"
36,"Ana Hainsworth","2022-06-21","ahainsworthz@ebay.com"
37,"Friedrick Lambkin","2022-11-02","flambkin10@goodreads.com"
38,"Joelynn Freemantle","2016-09-04","jfreemantle11@google.nl"
39,"Jessica Reynoldson","2017-12-05","jreynoldson12@last.fm"
40,"Beryl MacTimpany","2017-01-07","bmactimpany13@bluehost.com"
41,"Gizela Mooring","2022-06-24","gmooring14@reference.com"
42,"Drusie Sheehan","2021-07-04","dsheehan15@dyndns.org"
43,"Mallory Pfeuffer","2022-06-03","mpfeuffer16@squidoo.com"
44,"Ricca Breit","2019-06-20","rbreit17@nhs.uk"
45,"Briny Birchenough","2020-12-24","bbirchenough18@wired.com"
46,"Quintina Bradforth","2022-03-09","qbradforth19@wsj.com"
47,"Beitris Dawe","2017-04-03","bdawe1a@mac.com"
48,"Kris Dymoke","2019-10-22","kdymoke1b@discovery.com"
49,"Lamar Anderbrugge","2023-03-22","landerbrugge1c@kickstarter.com"
50,"Kristy Guilliatt","2022-12-24","kguilliatt1d@delicious.com"
